<?xml version="1.0" encoding="UTF-8"?>
<project-private xmlns="http://www.netbeans.org/ns/project-private/1">
    <editor-bookmarks xmlns="http://www.netbeans.org/ns/editor-bookmarks/2" lastBookmarkId="0"/>
    <open-files xmlns="http://www.netbeans.org/ns/projectui-open-files/2">
        <group>
            <file>file:/C:/Users/Pedro%20Armas/Desktop/Evaluación%20Bimestre%20III%20Taller/SalesJavaApp/src/org/pedroarmas/controller/CategoriaController.java</file>
            <file>file:/C:/Users/Pedro%20Armas/Desktop/Evaluación%20Bimestre%20III%20Taller/SalesJavaApp/src/org/pedroarmas/controller/ClienteController.java</file>
        </group>
    </open-files>
</project-private>
